t,p,D,T,S,U,D_bar,Z_bar,gradient_estimate,delta_hat,upsilon_hat,zeta,state_d_a,state_name,experiment_type,n,cumulative_regret,experimentation
1,50.0,5136,6910,4615.4966414272685,138464.89924281804,0.5136,0.691,-0.45395467673937306,0.0014008438433632795,0.0013068009874066002,0.5,0.5,Medium ($d_a = 0.5$),local,10000,707.4101633617341,Local
2,45.46045323260627,3150,5571,3001.49668116464,103670.33499126311,0.315,0.5571,-0.28939804544207476,0.005321627544959211,0.0038853097175029897,0.5,0.3,Low ($d_a = 0.3$),local,10000,1193.9494959740657,Local
3,43.5311329296591,2928,5432,2808.623978689799,102427.33452941025,0.2928,0.5432,-0.2587350391837857,0.02411010116320227,0.008995953320352936,0.5,0.3,Low ($d_a = 0.3$),local,10000,1599.0986131424143,Local
4,42.23745773374017,6838,7045,5550.731618873364,209609.7373663703,0.6838,0.7045,-0.46952574239064043,0.0074180652431299334,0.006019631530402116,0.5,0.7,High ($d_a = 0.7$),local,10000,1953.8423187513192,Local
5,40.35935476417761,2774,5311,2671.3897900728316,105895.61495487517,0.2774,0.5311,-0.26152591941270675,0.002799068662463079,0.00235749336403857,0.5,0.3,Low ($d_a = 0.3$),local,10000,2241.3665043391534,Local
6,39.487601699468584,5090,6147,4416.228640810262,178912.01368271981,0.509,0.6147,-0.318040665465053,0.022612055717469843,0.01173448657356031,0.5,0.5,Medium ($d_a = 0.5$),local,10000,2500.086815157437,Local
7,38.578914083854144,2666,5259,2576.1792818998133,106708.1433709671,0.2666,0.5259,-0.2619619391351311,-0.0017315909259642895,-0.0019524014122292593,0.5,0.3,Low ($d_a = 0.3$),local,10000,2730.400749168668,Local
8,37.92400923601632,5096,6149,4420.069184128483,185978.790167559,0.5096,0.6149,-0.33253619080883495,0.016443568917580316,0.009986421288635748,0.5,0.5,Medium ($d_a = 0.5$),local,10000,2941.26578394849,Local
9,37.185039923107794,3014,5139,2855.5412122026937,122259.88299837873,0.3014,0.5139,-0.2646646009981945,0.00792247337908461,0.005355653855775065,0.5,0.3,Low ($d_a = 0.3$),local,10000,3131.2154629243623,Local
10,36.655710721111404,5119,6086,4415.924365146162,191405.10311658774,0.5119,0.6086,-0.460161100005434,-0.001494250910225384,-0.0015836389467084524,0.5,0.5,Medium ($d_a = 0.5$),local,10000,3306.8546647864946,Local
11,35.819054175646976,4027,6038,3721.286243052741,164409.94590122337,0.4027,0.6038,-0.3495132475772255,0.0044076044076044,0.0036661726929400635,0.5,0.5,Medium ($d_a = 0.5$),local,10000,3461.017619643805,Local
12,35.2365320963516,6111,5975,4833.175924412117,216349.71536510796,0.6111,0.5975,-0.3399958899333583,0.009795009795009815,0.007657886628723308,0.5,0.5,Medium ($d_a = 0.5$),local,10000,3601.05444144659,Local
13,34.71346149645413,5581,6478,4770.631117308072,216045.36978018607,0.5581,0.6478,-0.3605832545820108,0.012668063383601784,0.008957953528057224,0.5,0.7,High ($d_a = 0.7$),local,10000,3728.9851288030122,Local
14,34.19834256133697,6852,6464,5317.366335733376,243544.19138513898,0.6852,0.6464,-0.37822045489706246,0.009151373177977382,0.007495212421588387,0.5,0.7,High ($d_a = 0.7$),local,10000,3845.5285089957633,Local
15,33.694048621474224,6811,6358,5255.154420519396,243344.92508321593,0.6811,0.6358,-0.580115036081132,-0.0024370408773347002,-0.0025869002043564866,0.5,0.7,High ($d_a = 0.7$),local,10000,3951.437964953951,Local
16,32.96890482637281,4246,5757,3824.2010641825577,179856.36421265628,0.4246,0.5757,-0.29567224948342347,0.016187717715887055,0.009736123114711203,0.5,0.5,Medium ($d_a = 0.5$),local,10000,4042.9480083866447,Local
17,32.62105512109819,2028,4812,1990.4859566295786,94307.12442138096,0.2028,0.4812,-0.20498691845484956,-0.0036872331850986676,-0.004815078300921459,0.5,0.3,Low ($d_a = 0.3$),local,10000,4127.923929315431,Local
18,32.393291878370576,8284,6181,5548.368404878407,264139.555202317,0.8284,0.6181,-0.20892712368833477,0.013872944527625192,0.01144032897132561,0.5,0.7,High ($d_a = 0.7$),local,10000,4208.752574555782,Local
19,32.17336859027759,7166,6198,5289.91560970838,252998.84405405974,0.7166,0.6198,-0.12497025354450253,0.02440675053507949,0.016298027606511212,0.5,0.7,High ($d_a = 0.7$),local,10000,4285.675156291305,Local
20,32.04839833673309,4420,5585,3895.4857026793275,186794.77869983055,0.442,0.5585,-0.3534279977474856,0.0037320597129554107,0.0032642764997005184,0.5,0.5,Medium ($d_a = 0.5$),local,10000,4360.421239386018,Local
21,31.711800243640244,4462,5705,3947.7017232836633,190627.40939244715,0.4462,0.5705,-0.28622020050905034,0.01618554205184715,0.010058644307585345,0.5,0.5,Medium ($d_a = 0.5$),local,10000,4429.460448122849,Local
22,31.45160006135929,4766,5596,4092.0854809631105,198664.20251290197,0.4766,0.5596,-0.3466709402026523,0.005497105274990475,0.004615393649960833,0.5,0.5,Medium ($d_a = 0.5$),local,10000,4494.24336289145,Local
23,31.150147069878724,3595,4709,3204.9584720618677,156561.75000736842,0.3595,0.4709,-0.23728778296068215,0.013007713322494025,0.00814914913899543,0.5,0.3,Low ($d_a = 0.3$),local,10000,4554.264491878162,Local
24,30.952407250744823,5278,5587,4338.977594621883,212816.40600915698,0.5278,0.5587,-0.915318004306098,-0.015093929660114982,-0.027629954328441727,0.5,0.5,Medium ($d_a = 0.5$),local,10000,4611.260810459968,Local
25,30.220152847299946,3336,4630,3024.1638275454907,150542.41309993892,0.3336,0.463,-0.4881112198990327,-0.01052420968387354,-0.02108437703124493,0.5,0.3,Low ($d_a = 0.3$),local,10000,4657.736883596672,Local
26,29.844682678146846,7041,5966,5132.394080288919,257416.85371769144,0.7041,0.5966,-0.08140746757983841,0.023129565333948023,0.016091283562852166,0.5,0.7,High ($d_a = 0.7$),local,10000,4699.234521813895,Local
27,29.78438085030993,7293,6030,5234.600956839834,262858.7280492723,0.7293,0.603,0.059120543848917184,0.033326224944077915,0.020908282339751283,0.5,0.7,High ($d_a = 0.7$),local,10000,4739.958883746464,Local
28,29.82660981020201,5369,5545,4363.330274656666,218923.07239730735,0.5369,0.5545,-0.3263541272832405,0.007011604458386045,0.005854249723427798,0.5,0.5,Medium ($d_a = 0.5$),local,10000,4781.224002603333,Local
29,29.601537998282534,6031,5953,4793.193882563537,241569.5997572431,0.6031,0.5953,-0.19303808986208393,0.020885601204251723,0.013839458631905976,0.5,0.7,High ($d_a = 0.7$),local,10000,4819.648149238573,Local
30,29.47284593837448,2218,4596,2154.07965622897,108839.5146512945,0.2218,0.4596,-0.19335415386476987,0.02273565618861293,0.00980215216218902,0.5,0.3,Low ($d_a = 0.3$),local,10000,4856.493405076037,Local
31,29.348101322977854,4361,5356,3806.46496084788,192804.67751450188,0.4361,0.5356,-0.336366434089893,0.0040149071407722834,0.0035127314376369873,0.5,0.5,Medium ($d_a = 0.5$),local,10000,4891.839815188856,Local
32,29.13787230167167,4566,5371,3923.102885570169,199537.35993955028,0.4566,0.5371,-0.22706962648118464,0.0192667587887756,0.011693437804170176,0.5,0.5,Medium ($d_a = 0.5$),local,10000,4924.73067877715,Local
33,29.000254346228527,5245,5418,4262.955380216086,217409.640124397,0.5245,0.5418,-0.29632872637056784,0.00841741690173826,0.006808928978807317,0.5,0.5,Medium ($d_a = 0.5$),local,10000,4956.061987794583,Local
34,28.825943330716427,5366,5397,4305.128570930853,220310.89345736723,0.5366,0.5397,-0.035359187983796336,0.041204030100752555,0.019529058497790304,0.5,0.5,Medium ($d_a = 0.5$),local,10000,4985.472291036035,Local
35,28.805738080439973,6909,5891,5055.796652655176,258827.77804806395,0.6909,0.5891,-0.4441484707517743,0.0023643600945743907,0.0022642350701808887,0.5,0.7,High ($d_a = 0.7$),local,10000,5014.663851264979,Local
36,28.55898893002232,4619,5286,3926.2937338562947,201972.51942728568,0.4619,0.5286,-0.2226301641052822,0.017388560695542437,0.011120822329598682,0.5,0.5,Medium ($d_a = 0.5$),local,10000,5041.249964080476,Local
37,28.438648300776222,4710,5384,4001.8192424543063,206339.2093969077,0.471,0.5384,-0.2715932439448256,0.011384337559337388,0.0083692703780514,0.5,0.5,Medium ($d_a = 0.5$),local,10000,5066.609564724196,Local
38,28.295704488173683,2271,4491,2195.0852522080054,113495.33655381452,0.2271,0.4491,-0.206722780811997,0.0062876202691366165,0.0046470860829594535,0.5,0.3,Low ($d_a = 0.3$),local,10000,5090.5499163434115,Local
39,28.18969280570599,4675,5345,3972.382177234315,205810.34089564832,0.4675,0.5345,-0.24997726138107615,0.013663659242835875,0.009542837609465935,0.5,0.5,Medium ($d_a = 0.5$),local,10000,5113.464099890929,Local
40,28.064704175015454,6230,5260,4531.134233965175,235325.79686369604,0.623,0.526,-0.15493079804843274,0.01357510373337752,0.010672475401126563,0.5,0.5,Medium ($d_a = 0.5$),local,10000,5135.197295398597,Local
41,27.989128175967437,4591,5316,3920.6703624463503,203917.48368548043,0.4591,0.5316,-0.22702710656294262,0.01695177764223916,0.010986309202648118,0.5,0.5,Medium ($d_a = 0.5$),local,10000,5156.231549020159,Local
42,27.881020029985084,7016,5741,5002.255663163963,260712.46271333622,0.7016,0.5741,0.08393336523877204,0.03023047257787765,0.019899933577836728,0.5,0.7,High ($d_a = 0.7$),local,10000,5176.285854736098,Local
43,27.920058804514746,2584,4530,2458.9259650877652,128060.71966582263,0.2584,0.453,-0.21008335684819976,0.0147152499528373,0.008319073551576973,0.5,0.3,Low ($d_a = 0.3$),local,10000,5196.691331623826,Local
44,27.824566369583746,6038,5753,4710.893519763318,245792.91218036905,0.6038,0.5753,-0.12509676427281485,0.022841018473007346,0.015102901455730264,0.5,0.7,High ($d_a = 0.7$),local,10000,5216.24320240733,Local
45,27.768967807684717,7413,5729,5088.022336802515,265752.6584687514,0.7413,0.5729,-0.5031177578572535,0.00017940879103079505,0.00017891855113320092,0.5,0.7,High ($d_a = 0.7$),local,10000,5235.30647853742,Local
46,27.550220956442434,5241,5349,4235.118995130308,222131.05551775818,0.5241,0.5349,-0.4080067974175423,0.0007863754866543071,0.0007702988034168515,0.5,0.5,Medium ($d_a = 0.5$),local,10000,5252.507441206919,Local
47,27.376601042647735,4392,5225,3789.6760913783705,199425.63687574334,0.4392,0.5225,-0.20527643376785448,0.020432373872819227,0.012220947928099362,0.5,0.5,Medium ($d_a = 0.5$),local,10000,5268.2984037866845,Local
48,27.29106919524446,5337,5202,4214.216884740633,222126.8661740264,0.5337,0.5202,-0.10626151711782977,0.022161954591273524,0.014215437453569717,0.5,0.5,Medium ($d_a = 0.5$),local,10000,5283.416911818914,Local
49,27.247697147441265,4613,5209,3900.01585584587,205734.81755736234,0.4613,0.5209,-0.18641297142011687,0.02056657316260684,0.012579173938202797,0.5,0.5,Medium ($d_a = 0.5$),local,10000,5298.200018033178,Local
50,27.173131958873217,4920,5241,4056.2986481439884,214281.55342090342,0.492,0.5241,-0.09407647926036294,0.032219285155085604,0.016831632784005436,0.5,0.5,Medium ($d_a = 0.5$),local,10000,5312.415295732774,Local
51,27.13623922190837,7539,5671,5078.384016659906,268462.4777959933,0.7539,0.5671,-0.01478897665647716,0.018797713160655507,0.014828227342746723,0.5,0.7,High ($d_a = 0.7$),local,10000,5326.353740002805,Local
52,27.13055115396357,2241,4414,2165.1405025460836,114469.78504384178,0.2241,0.4414,-0.19413201273493141,0.013715945540705704,0.0078367737887716,0.5,0.3,Low ($d_a = 0.3$),local,10000,5340.249744704184,Local
53,27.05729379066737,7210,5705,5028.298248728656,266211.716915343,0.721,0.5705,-0.01755562656198273,0.020546266569903732,0.015538560479027415,0.5,0.7,High ($d_a = 0.7$),local,10000,5353.604948041855,Local
54,27.050791706755525,5805,5222,4386.237325931168,232247.79379433303,0.5805,0.5222,-0.3868879000526434,0.0021020447544525317,0.0020098591682986347,0.5,0.5,Medium ($d_a = 0.5$),local,10000,5366.91267022228,Local
55,26.910105197645475,7385,5605,5005.828154134083,265758.89010164305,0.7385,0.5605,-0.2032791831203588,0.01035804143216574,0.009000375867860191,0.5,0.7,High ($d_a = 0.7$),local,10000,5379.213743338049,Local
56,26.837505489388203,4545,5130,3841.846188924426,204242.12692930966,0.4545,0.513,-0.16510607724929718,0.022901530698103238,0.013418105635973015,0.5,0.5,Medium ($d_a = 0.5$),local,10000,5391.010830917493,Local
57,26.779573532458624,3151,4356,2853.3887905303045,151858.56830972488,0.3151,0.4356,-0.20930173035153438,0.012405394744216168,0.007981615706842292,0.5,0.3,Low ($d_a = 0.3$),local,10000,5402.413318114119,Local
58,26.70740052199258,3101,4360,2820.8762555023995,150331.82846151068,0.3101,0.436,-0.1834027082531185,0.021374400854976067,0.010878518895983793,0.5,0.3,Low ($d_a = 0.3$),local,10000,5413.333592831268,Local
59,26.645230112415252,8536,5592,5188.033993156048,276806.3598738084,0.8536,0.5592,-0.789785434156993,-0.006520034699796836,-0.006991318095346481,0.5,0.7,High ($d_a = 0.7$),local,10000,5423.846838039812,Local
60,26.381968301029588,2937,4297,2698.553424423079,144691.1230520818,0.2937,0.4297,-0.1995055920989064,0.014650070016716966,0.008702079616599584,0.5,0.3,Low ($d_a = 0.3$),local,10000,5432.722182734977,Local
61,26.31655663148896,2226,4262,2143.671168728408,115079.64978714134,0.2226,0.4262,-0.19874874027764974,0.006577129471066437,0.004844572943359633,0.5,0.3,Low ($d_a = 0.3$),local,10000,5441.212063547065,Local
62,26.252444134625204,3051,4313,2779.3269689073168,149382.03152948883,0.3051,0.4313,-0.20584067238286496,0.012529832171833311,0.008009049844069756,0.5,0.3,Low ($d_a = 0.3$),local,10000,5449.332440477645,Local
63,26.187097889424294,2806,4239,2597.3591182722453,139771.43197759555,0.2806,0.4239,-0.19495887366822262,0.015331815994198304,0.008829607635101554,0.5,0.3,Low ($d_a = 0.3$),local,10000,5457.084662624336,Local
64,26.126173241402974,4936,5118,4018.965521144749,216517.05223492687,0.4936,0.5118,-0.09241089415751852,0.026504353124276514,0.015470658826156964,0.5,0.5,Medium ($d_a = 0.5$),local,10000,5464.501333871986,Local
65,26.097739120123737,5000,5137,4053.3191514508735,218483.06633090368,0.5,0.5137,-0.33565506181987614,0.0037537040500280933,0.0034148957345415966,0.5,0.5,Medium ($d_a = 0.5$),local,10000,5471.7639411143855,Local
66,25.996025465026804,2358,4332,2258.94232056139,121991.86355557056,0.2358,0.4332,-0.19200854011419716,0.01683054453728964,0.008978090843751155,0.5,0.3,Low ($d_a = 0.3$),local,10000,5478.488673190519,Local
67,25.938709482903164,3931,5179,3510.6994517254298,189792.94297794104,0.3931,0.5179,-0.23195746187657312,0.01710914539239325,0.010713725119365934,0.5,0.5,Medium ($d_a = 0.5$),local,10000,5484.919425765685,Local
68,25.87048669999829,6044,5083,4385.08535586129,237362.5360917364,0.6044,0.5083,-0.473561728718236,-0.0011701237912011184,-0.0011966876477531338,0.5,0.5,Medium ($d_a = 0.5$),local,10000,5491.008821353442,Local
69,25.733222430804595,2358,4236,2251.9548533943516,122206.33312502132,0.2358,0.4236,-0.20185121313200163,0.008061121289779411,0.0056772200967654856,0.5,0.3,Low ($d_a = 0.3$),local,10000,5496.439612562512,Local
70,25.675550655624022,2806,4188,2590.2712548975564,140715.05957487551,0.2806,0.4188,-0.17309739819217476,0.023645119364027585,0.011166000400149199,0.5,0.3,Low ($d_a = 0.3$),local,10000,5501.604932526074,Local
71,25.626790825147353,2763,4240,2566.3264821027064,139539.4066223342,0.2763,0.424,-0.17276920474748614,0.027347554424305354,0.011896243096779235,0.5,0.3,Low ($d_a = 0.3$),local,10000,5506.550993758823,Local
72,25.57879937938416,7065,5448,4841.824438604315,263497.8991430861,0.7065,0.5448,-0.15789034760170179,0.011492496549195035,0.009829087209820906,0.5,0.7,High ($d_a = 0.7$),local,10000,5511.285894696249,Local
73,25.535541749904244,2530,4163,2382.381261065132,129755.10472909237,0.253,0.4163,-0.179407942583348,0.022230404713114764,0.010494244865940996,0.5,0.3,Low ($d_a = 0.3$),local,10000,5515.834411144892,Local
74,25.48705311677361,4277,5043,3678.105083516534,200504.34704866176,0.4277,0.5043,-0.1429404633984085,0.028126498116014042,0.014935488352413566,0.5,0.5,Medium ($d_a = 0.5$),local,10000,5520.178452889001,Local
75,25.448935659867367,6861,5485,4817.797935024002,262816.00513125246,0.6861,0.5485,-0.23177677209827696,0.008986643495354553,0.007877555052350828,0.5,0.7,High ($d_a = 0.7$),local,10000,5524.36505598449,Local
76,25.387941772473084,4307,5011,3684.9852048330977,201244.6265739203,0.4307,0.5011,-0.28560586250266295,0.006366030701097136,0.0053168838843009394,0.5,0.5,Medium ($d_a = 0.5$),local,10000,5528.305777826541,Local
77,25.3137584315633,6493,5405,4680.524726344094,255960.3058518942,0.6493,0.5405,0.011017883026721353,0.021930937756746174,0.01594461602361838,0.5,0.7,High ($d_a = 0.7$),local,10000,5531.9574764058725,Local
78,25.31658352977528,6904,5409,4782.903203393222,261545.48780792355,0.6904,0.5409,0.2763539211079765,0.035538603915304126,0.023090440723341515,0.5,0.7,High ($d_a = 0.7$),local,10000,5535.619980162933,Local
79,25.3865465477773,7411,5500,4944.78644316747,270051.86424510845,0.7411,0.55,0.1836731888395563,0.02622654719524179,0.019427803400341635,0.5,0.7,High ($d_a = 0.7$),local,10000,5539.555164560382,Local
80,25.43246484498719,3248,4283,2901.5134381073863,158328.43653666688,0.3248,0.4283,-0.1446448738189815,0.0281464410797668,0.012999137511632933,0.5,0.3,Low ($d_a = 0.3$),local,10000,5543.674636447997,Local
81,25.396750061328184,4346,4269,3445.4494869881546,188132.73948908283,0.4346,0.4269,-0.03640535643959336,0.02248305438915483,0.013619143478742426,0.5,0.3,Low ($d_a = 0.3$),local,10000,5547.650406987385,Local
82,25.387870706099015,6661,5456,4752.23644143849,259529.7509750267,0.6661,0.5456,0.09516621672146586,0.026764246716159398,0.018570409875333597,0.5,0.7,High ($d_a = 0.7$),local,10000,5551.590846683194,Local
83,25.410802324586115,3114,4227,2805.5693965293895,153153.7823792345,0.3114,0.4227,-0.2162096109744265,0.008534507642159649,0.006242782407823228,0.5,0.3,Low ($d_a = 0.3$),local,10000,5555.6228532437535,Local
84,25.35932384578268,5764,5021,4273.320320572246,233497.11173962423,0.5764,0.5021,-0.0449191173718525,0.018819718225237623,0.013655871178813814,0.5,0.5,Medium ($d_a = 0.5$),local,10000,5559.45077373978,Local
85,25.348754641695184,3126,4151,2798.393339058246,152935.6809819181,0.3126,0.4151,-0.1809587847448627,0.014639079051650915,0.008996135170352677,0.5,0.3,Low ($d_a = 0.3$),local,10000,5563.2374484957,Local
86,25.306671203382425,5474,5405,4351.249914007582,237984.34222307062,0.5474,0.5405,-0.3267718291892212,0.005432400869184128,0.004829851581972136,0.5,0.7,High ($d_a = 0.7$),local,10000,5566.862110742621,Local
87,25.23155124264927,3735,5014,3354.324910804193,183711.17199288445,0.3735,0.5014,-0.23689688734231573,0.01375359574105331,0.009228058964262112,0.5,0.5,Medium ($d_a = 0.5$),local,10000,5570.206381036046,Local
88,25.17771104098056,4595,4962,3811.548628848693,208957.82031209744,0.4595,0.4962,-0.2543489472308635,0.008424406265920151,0.0068033820060591525,0.5,0.5,Medium ($d_a = 0.5$),local,10000,5573.356631215807,Local
89,25.12055397418711,5286,5010,4112.48706549272,225691.01194256142,0.5286,0.501,-0.13521087653600716,0.015363171585484198,0.011344497832494865,0.5,0.5,Medium ($d_a = 0.5$),local,10000,5576.307252808743,Local
90,25.090507112734663,2331,4204,2227.41085794891,122306.00066156324,0.2331,0.4204,-0.20383118096981967,0.006035979068957736,0.004609570290428817,0.5,0.3,Low ($d_a = 0.3$),local,10000,5579.155551983415,Local
91,25.045709050983053,4613,5008,3835.456816918427,210774.80983932567,0.4613,0.5008,-0.09999638322949989,0.026999049719657928,0.015358262110540817,0.5,0.5,Medium ($d_a = 0.5$),local,10000,5581.854647499254,Local
92,25.023970706802725,2601,4346,2455.8744770795324,135014.2271923399,0.2601,0.4346,-0.24078723421625717,0.0009335930621720433,0.0008938496494104882,0.5,0.3,Low ($d_a = 0.3$),local,10000,5584.482788048785,Local
93,24.972188505896003,3508,4144,3018.9146395576645,166124.2657023701,0.3508,0.4144,-0.17586402027281983,0.012119253783636773,0.008330956897151635,0.5,0.3,Low ($d_a = 0.3$),local,10000,5586.945716142154,Local
94,24.934770629242212,6454,5413,4674.520862163717,257403.56347343753,0.6454,0.5413,0.0853748723872027,0.026997102013230384,0.018476793700668282,0.5,0.7,High ($d_a = 0.7$),local,10000,5589.292599206262,Local
95,24.952744286586885,2674,4128,2486.8173999978458,136892.47333024658,0.2674,0.4128,-0.19543527867708005,0.011934816984070307,0.007605989846239599,0.5,0.3,Low ($d_a = 0.3$),local,10000,5591.694874955326,Local
96,24.91202860352916,1781,4198,1747.318274006947,96256.2190990255,0.1781,0.4198,-0.16553853713732203,0.009550954879486276,0.0062409594795413866,0.5,0.3,Low ($d_a = 0.3$),local,10000,5593.972595744559,Local
97,24.87789694638744,5061,4920,3990.806937388072,219981.67126977726,0.5061,0.492,-0.08878237959157742,0.019651460316728556,0.013315889503858263,0.5,0.5,Medium ($d_a = 0.5$),local,10000,5596.148457692357,Local
98,24.859778093409567,4981,4978,3983.599277035937,219656.54812269483,0.4981,0.4978,-0.013909587104687704,0.03077632514555653,0.0174095957383025,0.5,0.5,Medium ($d_a = 0.5$),local,10000,5598.271194406124,Local
99,24.85696807581266,6715,5465,4770.856990177638,263079.51931509783,0.6715,0.5465,-0.1912969011592206,0.010683888892355638,0.009131441044738361,0.5,0.7,High ($d_a = 0.7$),local,10000,5600.385750841374,Local
100,24.818708695580817,4000,4146,3256.307545354916,179687.2552370078,0.4,0.4146,-0.05366048832444492,0.022800973137433758,0.013263163810707445,0.5,0.3,Low ($d_a = 0.3$),local,10000,5602.390501190432,Local
101,24.80808285630865,5265,4992,4096.992829778102,226120.88879941055,0.5265,0.4992,-0.15884448711591703,0.01340226626844186,0.01025836664386803,0.5,0.5,Medium ($d_a = 0.5$),local,10000,5604.365274364861,Local
102,24.776936878442786,3641,4132,3084.52544071258,170336.9431125199,0.3641,0.4132,-0.13881442939450284,0.015850687049664785,0.010131894598057092,0.5,0.3,Low ($d_a = 0.3$),local,10000,5606.253480829498,Local
103,24.749982620307932,3469,4186,3008.9234692481236,166243.07397012218,0.3469,0.4186,-0.21257997122751499,0.007982507390336355,0.006136012955570662,0.5,0.3,Low ($d_a = 0.3$),local,10000,5608.06833704225,Local
104,24.70910185661033,6307,5027,4419.972223480694,244384.23400508263,0.6307,0.5027,-0.27580982617835387,0.005622779185824793,0.005145480618789083,0.5,0.5,Medium ($d_a = 0.5$),local,10000,5609.774718142599,Local
105,24.65656665162398,6786,5258,4665.909614733345,258227.45777254176,0.6786,0.5258,0.16050721528873096,0.025872290709689813,0.01868935839437139,0.5,0.7,High ($d_a = 0.7$),local,10000,5611.346607266125,Local
106,24.686851031867135,6341,5382,4627.019987072778,255935.04582348478,0.6341,0.5382,-0.15426210200081497,0.012769442043110677,0.010448545283833167,0.5,0.7,High ($d_a = 0.7$),local,10000,5612.995351618271,Local
107,24.658016994109975,7351,5338,4828.723807819779,267231.1509124988,0.7351,0.5338,0.2639558918030065,0.027912205279153477,0.020593946781685267,0.5,0.7,High ($d_a = 0.7$),local,10000,5614.570879579144,Local
108,24.706897714814236,2976,4172,2705.0734975348146,149571.9055881377,0.2976,0.4172,-0.17055459036405662,0.019433120777324894,0.010526865852605309,0.5,0.3,Low ($d_a = 0.3$),local,10000,5616.2715070619915,Local
109,24.67560329456395,4600,4932,3803.564815945421,210429.92877220336,0.46,0.4932,-0.04099118966070536,0.03485495767932288,0.017758059549145486,0.5,0.5,Medium ($d_a = 0.5$),local,10000,5617.89149296239,Local
110,24.668150350989276,3628,4909,3265.6788605973916,180696.0517165275,0.3628,0.4909,-0.21258184671982097,0.017650784689136147,0.010809640046831727,0.5,0.5,Medium ($d_a = 0.5$),local,10000,5619.492562394728,Local
111,24.629847315544264,5111,4941,4018.50088071085,222505.00732757963,0.5111,0.4941,0.015887866105327997,0.03032800580854325,0.017657519663234436,0.5,0.5,Medium ($d_a = 0.5$),local,10000,5620.998166704654,Local
112,24.632684434491644,6994,5345,4763.5671579744585,263745.9260530636,0.6994,0.5345,0.05424145380061124,0.019924318789100604,0.015534133928700027,0.5,0.7,High ($d_a = 0.7$),local,10000,5622.510741527853,Local
113,24.642284691801486,4580,4900,3783.372405243291,209438.85251435242,0.458,0.49,-0.21336484289659666,0.011264115344541128,0.008586484957624334,0.5,0.5,Medium ($d_a = 0.5$),local,10000,5624.047022610805,Local
114,24.604852263223137,4682,4939,3842.91340973828,212878.75607209295,0.4682,0.4939,-0.3233737204682347,0.003349338515544632,0.003072500002595454,0.5,0.5,Medium ($d_a = 0.5$),local,10000,5625.491912280865,Local
115,24.548613355315617,5222,4977,4074.895494921484,225958.6056255737,0.5222,0.4977,-0.09525520432363155,0.0181660892733164,0.012831231027409346,0.5,0.5,Medium ($d_a = 0.5$),local,10000,5626.804762422827,Local
116,24.532190044225334,6156,5201,4479.1836560706115,248450.5077919366,0.6156,0.5201,-0.3734730331983994,0.0026130838422888684,0.0024973557462025456,0.5,0.7,High ($d_a = 0.7$),local,10000,5628.080246737714,Local
117,24.468348500088855,4250,4943,3635.7364375289817,201898.44879438792,0.425,0.4943,-0.1385978394439213,0.024843678742721052,0.014179532201962438,0.5,0.5,Medium ($d_a = 0.5$),local,10000,5629.215604909671,Local
118,24.44485734086107,5611,4945,4188.970499154241,232718.85367543827,0.5611,0.4945,-0.13381677409437454,0.012831522679359253,0.010202436198333217,0.5,0.5,Medium ($d_a = 0.5$),local,10000,5630.301453758418,Local
119,24.42236712672756,5407,4918,4111.530404833362,228509.12738712583,0.5407,0.4918,-0.22025451292880313,0.008505166113788003,0.007199619961805172,0.5,0.5,Medium ($d_a = 0.5$),local,10000,5631.340936979328,Local
120,24.385658041239427,7296,5371,4840.022654943047,269174.67502015084,0.7296,0.5371,0.10062064044225677,0.020627016122497767,0.016293060724213698,0.5,0.7,High ($d_a = 0.7$),local,10000,5632.3069142243085,Local
121,24.402289552056327,2088,4089,2016.028552190623,112086.57169948136,0.2088,0.4089,-0.17410825134627556,0.01705511342802233,0.008958214633799304,0.5,0.3,Low ($d_a = 0.3$),local,10000,5633.305860351656,Local
122,24.373747215770052,2667,4120,2480.6639002822963,137990.0371898168,0.2667,0.412,-0.16141876308301206,0.028758733737256483,0.012275410426329608,0.5,0.3,Low ($d_a = 0.3$),local,10000,5634.2485665593085,Local
123,24.34750026242322,6669,5363,4701.223898642082,261634.86178546818,0.6669,0.5363,0.005433628906533483,0.019221726618883505,0.014806983570123099,0.5,0.7,High ($d_a = 0.7$),local,10000,5635.140993729803,Local
124,24.34837665418234,2201,4227,2120.36409673359,118001.70406741266,0.2201,0.4227,-0.19034700427311085,0.009845409845409835,0.006563669626494922,0.5,0.3,Low ($d_a = 0.3$),local,10000,5636.035077494266,Local
125,24.31792113349864,5123,4916,4012.1874278365744,223406.9367839814,0.5123,0.4916,-0.006790312025026557,0.026341135801141363,0.016348295102746813,0.5,0.5,Medium ($d_a = 0.5$),local,10000,5636.872493751555,Local
126,24.31684330619308,3351,4120,2925.997788066594,162928.79331864463,0.3351,0.412,-0.19760727805519493,0.009339364746394145,0.00687422137950261,0.5,0.3,Low ($d_a = 0.3$),local,10000,5637.707938521308,Local
127,24.285724049806433,6237,5277,4542.181903595195,253064.37599287825,0.6237,0.5277,-0.06634226162561119,0.016756564407086953,0.012982327614446659,0.5,0.7,High ($d_a = 0.7$),local,10000,5638.4874640380485,Local
128,24.27535807142743,7667,5398,4923.360164689281,274352.4822627083,0.7667,0.5398,0.0975717308852333,0.019068101781046697,0.015623571061323938,0.5,0.7,High ($d_a = 0.7$),local,10000,5639.248792609792,Local
129,24.290485471564676,3662,4057,3071.4885067783357,171111.13359228984,0.3662,0.4057,-0.11954757860949097,0.016458766042764705,0.01049742327424625,0.5,0.3,Low ($d_a = 0.3$),local,10000,5640.036748586894,Local
130,24.272093536393985,6758,5275,4670.006860184758,260249.70548877463,0.6758,0.5275,-0.09724409772087145,0.013207723254925403,0.011048125566471619,0.5,0.7,High ($d_a = 0.7$),local,10000,5640.7923909316005,Local
131,24.257247109261026,6040,4811,4230.994761801689,235847.29548912257,0.604,0.4811,-0.07829765381338344,0.012883222354796218,0.01057971138380284,0.5,0.5,Medium ($d_a = 0.5$),local,10000,5641.522442380127,Local
132,24.24538382838021,3692,4019,3073.3341790097375,171352.56751780811,0.3692,0.4019,-0.1959535982777576,0.00750931373796147,0.005982566505328963,0.5,0.3,Low ($d_a = 0.3$),local,10000,5642.232361868486,Local
133,24.215917121872277,7016,5384,4792.20349196859,267328.6767648289,0.7016,0.5384,0.061190829741970876,0.020247249917239987,0.015784445091764455,0.5,0.7,High ($d_a = 0.7$),local,10000,5642.893494282781,Local
134,24.225050081535258,5006,4842,3937.0159575299267,219586.86785942817,0.5006,0.4842,-0.01172888248182663,0.025933177461250408,0.016044345402141467,0.5,0.5,Medium ($d_a = 0.5$),local,10000,5643.569562136066,Local
135,24.22331246931573,5483,4863,4108.824885567117,229176.64176057666,0.5483,0.4863,0.1447022328991035,0.033892738614713286,0.020011485742575785,0.5,0.5,Medium ($d_a = 0.5$),local,10000,5644.242775562853,Local
136,24.24459220944795,7629,5319,4863.377984545616,271159.622767934,0.7629,0.5319,-0.39734850929882204,0.0023958645336528053,0.002331842364444519,0.5,0.7,High ($d_a = 0.7$),local,10000,5644.9513616935765,Local
137,24.186585127798487,4279,4811,3611.2100885628724,201553.96686363922,0.4279,0.4811,-0.22406666508710696,0.01034037906201955,0.00792252001320405,0.5,0.5,Medium ($d_a = 0.5$),local,10000,5645.565654755971,Local
138,24.154111698075717,6845,5364,4742.761080609329,264863.7055504223,0.6845,0.5364,-0.46546380029888657,0.00026512561005792053,0.00026410322252474203,0.5,0.7,High ($d_a = 0.7$),local,10000,5646.130099039363,Local
139,24.087138489399617,5392,4797,4047.9352277039343,226331.64179049068,0.5392,0.4797,0.0038486317902535205,0.021268510094618723,0.014757606010823206,0.5,0.5,Medium ($d_a = 0.5$),local,10000,5646.598395450328,Local
140,24.08768829394108,5685,4786,4127.280860497902,230765.81397060974,0.5685,0.4786,-0.13879587099835355,0.0109305225932338,0.009067600926951544,0.5,0.5,Medium ($d_a = 0.5$),local,10000,5647.067444650114,Local
141,24.06800093635266,7182,5303,4774.652094841395,267055.8364979108,0.7182,0.5303,-0.1477384547407673,0.010407040704070345,0.009168874150016606,0.5,0.7,High ($d_a = 0.7$),local,10000,5647.509914815142,Local
142,24.04719270329058,4749,4899,3857.3349594263614,215828.71966364363,0.4749,0.4899,-0.14742812693387167,0.016015515553236458,0.011347327736669702,0.5,0.5,Medium ($d_a = 0.5$),local,10000,5647.925135342468,Local
143,24.02657338483829,5681,4931,4202.688982173245,235238.90333002282,0.5681,0.4931,0.008966640284140792,0.02085274111358171,0.014877893215697227,0.5,0.5,Medium ($d_a = 0.5$),local,10000,5648.314207835059,Local
144,24.02781875154442,8571,5264,4947.359044769095,276914.4771550019,0.8571,0.5264,0.23329674622935992,0.019813045425683726,0.016976254776789112,0.5,0.7,High ($d_a = 0.7$),local,10000,5648.704835490385,Local
145,24.059997613093298,2842,4131,2607.1525264862385,145844.11855467,0.2842,0.4131,-0.2777575638237486,-0.0018213966597347847,-0.001980259931359978,0.5,0.3,Low ($d_a = 0.3$),local,10000,5649.136722338491,Local
146,24.02194863174758,3582,4085,3040.5580266428456,170204.51340356542,0.3582,0.4085,-0.2562271965836435,0.003168655895089987,0.0028512641566244847,0.5,0.3,Low ($d_a = 0.3$),local,10000,5649.520046777439,Local
147,23.987087788674977,4122,4831,3536.67250100133,198099.3263187948,0.4122,0.4831,-0.24320495778672682,0.008966085804248182,0.0070339230110493985,0.5,0.5,Medium ($d_a = 0.5$),local,10000,5649.861419567469,Local
148,23.954222253838932,2586,4034,2410.2105312102713,135082.12375366766,0.2586,0.4034,-0.19649032189197324,0.009297022216354391,0.006463117710379298,0.5,0.3,Low ($d_a = 0.3$),local,10000,5650.165467732462,Local
149,23.92784771398766,4393,4883,3689.773276317809,206893.5290505509,0.4393,0.4883,-0.22646356495068296,0.010320559305665592,0.007983898047289804,0.5,0.5,Medium ($d_a = 0.5$),local,10000,5650.441125374465,Local
150,23.897652571994236,6216,4813,4271.959824610562,239666.97427878427,0.6216,0.4813,0.14040998321239578,0.02258756468911719,0.01667266390080846,0.5,0.5,Medium ($d_a = 0.5$),local,10000,5650.68598798664,Local
151,23.91624992076409,4570,4806,3745.6519917682817,210070.21019012452,0.457,0.4806,-0.4434797748513331,-0.0031252102440906663,-0.003410399210453791,0.5,0.5,Medium ($d_a = 0.5$),local,10000,5650.94960173349,Local
152,23.857897318809968,5359,4786,4032.224049742514,226377.53663420817,0.5359,0.4786,0.08194528237337184,0.027617124418739855,0.017561460039344223,0.5,0.5,Medium ($d_a = 0.5$),local,10000,5651.156700169287,Local
153,23.8686091204274,6241,5279,4544.35245949045,255080.82419820558,0.6241,0.5279,0.21618816729659152,0.03588610128731559,0.022270335182466055,0.5,0.7,High ($d_a = 0.7$),local,10000,5651.373662815954,Local
154,23.896685505790593,6416,5224,4559.752456752969,255817.22609695583,0.6416,0.5224,-0.5671186940452148,-0.0033076002196265743,-0.0034926441957970973,0.5,0.7,High ($d_a = 0.7$),local,10000,5651.617569285108,Local
155,23.82350890010734,3324,4069,2897.9785340217873,162798.2653241549,0.3324,0.4069,-0.23758363295063467,0.004307622202064614,0.0037028755581598794,0.5,0.3,Low ($d_a = 0.3$),local,10000,5651.79455127352,Local
156,23.79304945998546,6001,4786,4207.218033311978,236474.89590942356,0.6001,0.4786,0.03875960561284014,0.01828428124724111,0.01400604155038619,0.5,0.5,Medium ($d_a = 0.5$),local,10000,5651.946832937236,Local
157,23.797986989362894,6957,5168,4645.017665214746,261059.3432550383,0.6957,0.5168,-0.43297614555726194,0.0008890257523446559,0.0008786062186794883,0.5,0.7,High ($d_a = 0.7$),local,10000,5652.102992552299,Local
158,23.743179882330328,2763,4092,2546.013917357771,143230.6469658796,0.2763,0.4092,-0.19510232770452515,0.0107809543726295,0.007286337651685255,0.5,0.3,Low ($d_a = 0.3$),local,10000,5652.218839697683,Local
159,23.71863870903416,5225,4909,4045.7278614375878,227699.07145449542,0.5225,0.4909,-0.145656902486885,0.01315276891271784,0.01021103404668774,0.5,0.5,Medium ($d_a = 0.5$),local,10000,5652.318583285002,Local
160,23.7004315962233,3906,4788,3407.0294688475483,191814.28863506555,0.3906,0.4788,-0.23961057803207186,0.009329022116745914,0.007179108343094947,0.5,0.5,Medium ($d_a = 0.5$),local,10000,5652.407157954737,Local
161,23.67066630702677,3461,4124,2988.1270516444106,168319.20580907824,0.3461,0.4124,-0.08277515430601101,0.02936966063080174,0.014257720482456685,0.5,0.3,Low ($d_a = 0.3$),local,10000,5652.478901405674,Local
162,23.66044715217418,6576,5208,4588.890113539709,258536.01706463585,0.6576,0.5208,-0.22604000574143207,0.007842820054971283,0.007014708455039029,0.5,0.7,High ($d_a = 0.7$),local,10000,5652.545274893028,Local
163,23.632712182144555,2463,4062,2320.2384827957767,130785.55036581376,0.2463,0.4062,-0.16529443216342138,0.02597506287721732,0.011590781646237065,0.5,0.3,Low ($d_a = 0.3$),local,10000,5652.598126859171,Local
164,23.61255432456365,8299,5137,4820.950774779071,271841.0999168077,0.8299,0.5137,0.38239686178334015,0.02438356877808476,0.02013077154451326,0.5,0.7,High ($d_a = 0.7$),local,10000,5652.6421167608305,Local
165,23.65890545932527,2847,3942,2579.2185802967188,145315.99787356227,0.2847,0.3942,-0.13593644837880076,0.02589769771351481,0.012152413024451723,0.5,0.3,Low ($d_a = 0.3$),local,10000,5652.707698250725,Local
166,23.642527573978423,6140,5191,4469.431467900539,251885.8607121978,0.614,0.5191,-0.009758359741095235,0.019207640768305653,0.014449153343482707,0.5,0.7,High ($d_a = 0.7$),local,10000,5652.765159588689,Local
167,23.641358908141168,6127,4793,4240.2799697703795,238976.41694528682,0.6127,0.4793,-0.7774457391103291,-0.008974038302035702,-0.010471671500321713,0.5,0.5,Medium ($d_a = 0.5$),local,10000,5652.822062008444,Local
168,23.548805843961368,7475,5196,4754.490595807569,268396.6717369929,0.7475,0.5196,0.21037974507454782,0.022125666566825644,0.017695359786281593,0.5,0.7,High ($d_a = 0.7$),local,10000,5652.843374859829,Local
169,23.573702855212794,3984,4779,3448.15543208689,194566.64301234696,0.3984,0.4779,-0.13237938786134146,0.025639283985455143,0.014235060728610152,0.5,0.5,Medium ($d_a = 0.5$),local,10000,5652.8725769627235,Local
170,23.558128809582048,5948,4659,4120.006724782305,232540.88886381857,0.5948,0.4659,0.02258831040761411,0.016323399846592465,0.012879512493320271,0.5,0.5,Medium ($d_a = 0.5$),local,10000,5652.896698836693,Local
171,23.56077071723206,2578,4060,2407.4117746102684,135872.46512526416,0.2578,0.406,-0.16845983477259854,0.02142555591897194,0.010747736641816021,0.5,0.3,Low ($d_a = 0.3$),local,10000,5652.921648331223,Local
172,23.541182364351524,4828,4866,3877.4808360687457,218917.98340932728,0.4828,0.4866,-0.2690683843144029,0.006141069722777518,0.005338686444260456,0.5,0.5,Medium ($d_a = 0.5$),local,10000,5652.9407934084165,Local
173,23.510076192754482,6651,5151,4571.632254987191,258251.1577589724,0.6651,0.5151,0.23245246467969777,0.028369828369828386,0.020123460539360545,0.5,0.7,High ($d_a = 0.7$),local,10000,5652.952298022801,Local
174,23.536794866855598,4322,4742,3610.0773300896158,203836.53683536418,0.4322,0.4742,-0.06157358728479162,0.029760751294030916,0.01616791772374156,0.5,0.5,Medium ($d_a = 0.5$),local,10000,5652.970248191479,Local
175,23.52975788545162,5132,4743,3937.7676391012733,222366.69197088247,0.5132,0.4743,0.047480182626631395,0.026670157748142014,0.01684087523088576,0.5,0.5,Medium ($d_a = 0.5$),local,10000,5652.986362274503,Local
176,23.5351533607501,4086,4794,3507.238287478219,198035.6720297631,0.4086,0.4794,-0.12995379099826224,0.024280117202330646,0.013982998900711972,0.5,0.5,Medium ($d_a = 0.5$),local,10000,5653.003875285527,Local
177,23.520469316569507,5742,4807,4154.020463122182,234617.12620650747,0.5742,0.4807,-0.029853408670776016,0.016198281584460572,0.012528980565529483,0.5,0.5,Medium ($d_a = 0.5$),local,10000,5653.017717440823,Local
178,23.51711500098852,2727,4110,2522.9119360801824,142501.34474825033,0.2727,0.411,-0.16175103075151778,0.024230648121836743,0.01167049737723891,0.5,0.3,Low ($d_a = 0.3$),local,10000,5653.030781559053,Local
179,23.49904226012243,1582,4003,1558.4328855775277,88052.95060845136,0.1582,0.4003,-0.14394392584321872,0.025495564600601185,0.010536072061903759,0.5,0.3,Low ($d_a = 0.3$),local,10000,5653.040040931468,Local
180,23.483048490584295,6713,5216,4624.529625230754,261364.31658302285,0.6713,0.5216,0.2999378944791875,0.032852833362456486,0.02232962540084506,0.5,0.7,High ($d_a = 0.7$),local,10000,5653.046478083356,Local
181,23.516190799366527,4209,4769,3563.4072513568385,201274.8152897934,0.4209,0.4769,-0.11142639153602574,0.02441263976689942,0.014247337368319572,0.5,0.5,Medium ($d_a = 0.5$),local,10000,5653.059331786251,Local
182,23.503946140955975,4200,4793,3566.1068800953894,201470.96636497654,0.42,0.4793,-0.08449627338425353,0.030491328346646623,0.01609903994753223,0.5,0.5,Medium ($d_a = 0.5$),local,10000,5653.069558964787,Local
183,23.49471157555879,7038,5143,4644.203297833707,262422.04684583464,0.7038,0.5143,0.08075612426453899,0.01829158413047488,0.014828656572330389,0.5,0.7,High ($d_a = 0.7$),local,10000,5653.078003646305,Local
184,23.50348941515276,4262,4028,3310.721832320639,187044.2310431878,0.4262,0.4028,0.10420419583700441,0.03211320684673819,0.017286345543736162,0.5,0.3,Low ($d_a = 0.3$),local,10000,5653.088138656522,Local
185,23.514754733621626,6854,5150,4613.35238193823,260586.3407940118,0.6854,0.515,0.06184302760249749,0.018367664201474492,0.014705869223634116,0.5,0.7,High ($d_a = 0.7$),local,10000,5653.100668796172,Local
186,23.52140452153587,4991,4834,3927.9936738980427,221847.5657500537,0.4991,0.4834,-0.10432918915339506,0.016613160475053027,0.01199662518721584,0.5,0.5,Medium ($d_a = 0.5$),local,10000,5653.114731884834,Local
187,23.51024631948738,1853,4069,1808.7310972908529,102174.77416024359,0.1853,0.4069,-0.16388117437541572,0.0154127577440633,0.0084713524145815,0.5,0.3,Low ($d_a = 0.3$),local,10000,5653.1262730236,Local
188,23.49281215200063,8090,5149,4806.016861874566,271574.4976145985,0.809,0.5149,-0.4074077033634715,0.0017676675448934315,0.0017393129469919861,0.5,0.7,High ($d_a = 0.7$),local,10000,5653.134372218069,Local
189,23.449700225718782,6605,5235,4611.501874902953,260781.81343542188,0.6605,0.5235,0.15998912084819572,0.025825652841781843,0.018661656128771055,0.5,0.7,High ($d_a = 0.7$),local,10000,5653.136570289871,Local
190,23.466541185808065,2319,4043,2204.880802940627,124649.53806324638,0.2319,0.4043,-0.179864858099072,0.01465944443839994,0.008526026008535055,0.5,0.3,Low ($d_a = 0.3$),local,10000,5653.14063110923,Local
191,23.44770716925319,3338,4034,2896.877109738701,163825.04260463046,0.3338,0.4034,-0.1529052998620325,0.014252243310874498,0.009320879692812156,0.5,0.3,Low ($d_a = 0.3$),local,10000,5653.142646269987,Local
192,23.431779533850893,7805,5267,4854.031829228463,274583.9426655007,0.7805,0.5267,0.08893063117270256,0.016874793074594448,0.014362808430277142,0.5,0.7,High ($d_a = 0.7$),local,10000,5653.143485119944,Local
193,23.440995143298842,4261,4041,3316.140642851301,187557.6147245308,0.4261,0.4041,-0.11875813123837708,0.010991810991811004,0.008497702311523728,0.5,0.3,Low ($d_a = 0.3$),local,10000,5653.144942719028,Local
194,23.428752036985607,6281,5195,4509.197400457134,255090.9242554404,0.6281,0.5195,0.12368030705994476,0.026095542928395284,0.01831396743645307,0.5,0.7,High ($d_a = 0.7$),local,10000,5653.145615364505,Local
195,23.441437196684063,2524,4136,2374.956070505263,134324.10206878837,0.2524,0.4136,-0.1993100215721348,0.009239858883667969,0.006468268804855411,0.5,0.3,Low ($d_a = 0.3$),local,10000,5653.147106912886,Local
196,23.421099439380786,5903,4747,4161.238285664742,235438.28717366705,0.5903,0.4747,0.037701605472243216,0.018151963367670297,0.01389898375711096,0.5,0.5,Medium ($d_a = 0.5$),local,10000,5653.147441174104,Local
197,23.424927013540405,6803,5210,4640.235308224042,262521.651237122,0.6803,0.521,0.009296896321238979,0.01676581046892781,0.01359708753147028,0.5,0.7,High ($d_a = 0.7$),local,10000,5653.147930043284,Local
198,23.425866093976893,4080,4124,3281.411221643944,185642.99785401128,0.408,0.4124,-0.18096486717513321,0.008222969396369958,0.006645869900415091,0.5,0.3,Low ($d_a = 0.3$),local,10000,5653.148461321199,Local
199,23.407678670140196,2493,4047,2341.7354596972386,132524.24560471307,0.2493,0.4047,-0.17094908791795105,0.02025712925665326,0.0103696080844645,0.5,0.3,Low ($d_a = 0.3$),local,10000,5653.1484849606595,Local
200,23.390583761348402,5373,4746,4016.6854160304265,227382.2166157879,0.5373,0.4746,0.12294030268040879,0.029437741442472375,0.01849333959659859,0.5,0.5,Medium ($d_a = 0.5$),local,10000,5653.148634603668,Local
1,50.0,3473,5864,3285.0711440353193,98552.13432105961,0.3473,0.5864,,,,,0.3,Low ($d_a = 0.3$),global,10000,707.4101633617341,Global (Epsilon-Greedy)
2,50.0,7458,7417,5949.909594238876,178497.2878271663,0.7458,0.7417,,,,,0.7,High ($d_a = 0.7$),global,10000,1414.8203267234683,Global (Epsilon-Greedy)
3,50.0,4953,6906,4495.5977535127195,134867.93260538162,0.4953,0.6906,,,,,0.5,Medium ($d_a = 0.5$),global,10000,2122.2304900852023,Global (Epsilon-Greedy)
4,50.0,5566,6891,4871.801245619689,146154.03736859068,0.5566,0.6891,,,,,0.5,Medium ($d_a = 0.5$),global,10000,2829.6406534469365,Global (Epsilon-Greedy)
5,50.0,4437,6944,4138.142473450396,124144.27420351187,0.4437,0.6944,,,,,0.5,Medium ($d_a = 0.5$),global,10000,3537.050816808671,Global (Epsilon-Greedy)
6,50.0,4843,6808,4405.302943276031,132159.08829828093,0.4843,0.6808,,,,,0.5,Medium ($d_a = 0.5$),global,10000,4244.460980170405,Global (Epsilon-Greedy)
7,50.0,3120,5774,2991.834222464633,89755.02667393899,0.312,0.5774,,,,,0.3,Low ($d_a = 0.3$),global,10000,4951.871143532138,Global (Epsilon-Greedy)
8,50.0,5166,6898,4632.201508176506,138966.04524529516,0.5166,0.6898,,,,,0.5,Medium ($d_a = 0.5$),global,10000,5659.281306893872,Global (Epsilon-Greedy)
9,50.0,3394,5799,3216.659840194272,96499.79520582818,0.3394,0.5799,,,,,0.3,Low ($d_a = 0.3$),global,10000,6366.691470255606,Global (Epsilon-Greedy)
10,45.0,4775,6590,4322.020000475477,151270.70001664167,0.4775,0.659,,,,,0.5,Medium ($d_a = 0.5$),global,10000,6833.129799890207,Global (Epsilon-Greedy)
11,50.0,4602,6882,4250.090789120214,127502.72367360642,0.4602,0.6882,,,,,0.5,Medium ($d_a = 0.5$),global,10000,7540.539963251941,Global (Epsilon-Greedy)
12,50.0,4656,6983,4302.79891719932,129083.96751597962,0.4656,0.6983,,,,,0.5,Medium ($d_a = 0.5$),global,10000,8247.950126613676,Global (Epsilon-Greedy)
13,45.0,2792,5600,2702.7468869196136,94596.14104218651,0.2792,0.56,,,,,0.3,Low ($d_a = 0.3$),global,10000,8714.388456248278,Global (Epsilon-Greedy)
14,50.0,4602,6852,4245.837879447255,127375.13638341767,0.4602,0.6852,,,,,0.5,Medium ($d_a = 0.5$),global,10000,9421.798619610012,Global (Epsilon-Greedy)
15,50.0,4897,6882,4454.0971391774665,133622.914175324,0.4897,0.6882,,,,,0.5,Medium ($d_a = 0.5$),global,10000,10129.208782971746,Global (Epsilon-Greedy)
16,50.0,3274,6877,3183.673335103358,95510.20005310075,0.3274,0.6877,,,,,0.5,Medium ($d_a = 0.5$),global,10000,10836.61894633348,Global (Epsilon-Greedy)
17,50.0,5076,6857,4566.917078491347,137007.51235474044,0.5076,0.6857,,,,,0.5,Medium ($d_a = 0.5$),global,10000,11544.029109695213,Global (Epsilon-Greedy)
18,50.0,4162,6954,3929.7506289040134,117892.51886712041,0.4162,0.6954,,,,,0.5,Medium ($d_a = 0.5$),global,10000,12251.439273056947,Global (Epsilon-Greedy)
19,50.0,4258,6944,4003.0420621265803,120091.26186379744,0.4258,0.6944,,,,,0.5,Medium ($d_a = 0.5$),global,10000,12958.84943641868,Global (Epsilon-Greedy)
20,50.0,4761,6876,4360.682715041872,130820.48145125617,0.4761,0.6876,,,,,0.5,Medium ($d_a = 0.5$),global,10000,13666.259599780415,Global (Epsilon-Greedy)
21,50.0,6483,7524,5541.380073671534,166241.402210146,0.6483,0.7524,,,,,0.7,High ($d_a = 0.7$),global,10000,14373.669763142148,Global (Epsilon-Greedy)
22,50.0,4935,6937,4488.932350908847,134667.9705272654,0.4935,0.6937,,,,,0.5,Medium ($d_a = 0.5$),global,10000,15081.079926503882,Global (Epsilon-Greedy)
23,55.0,4753,7127,4392.234145267418,109805.85363168546,0.4753,0.7127,,,,,0.5,Medium ($d_a = 0.5$),global,10000,16079.46192359275,Global (Epsilon-Greedy)
24,55.0,5180,7128,4684.816120797362,117120.40301993403,0.518,0.7128,,,,,0.5,Medium ($d_a = 0.5$),global,10000,17077.843920681615,Global (Epsilon-Greedy)
25,50.0,3603,6899,3469.7747324914367,104093.2419747431,0.3603,0.6899,,,,,0.5,Medium ($d_a = 0.5$),global,10000,17785.25408404335,Global (Epsilon-Greedy)
26,55.0,4426,7159,4154.639054559263,103865.97636398155,0.4426,0.7159,,,,,0.5,Medium ($d_a = 0.5$),global,10000,18783.636081132216,Global (Epsilon-Greedy)
27,50.0,5403,6840,4764.80533085367,142944.1599256101,0.5403,0.684,,,,,0.5,Medium ($d_a = 0.5$),global,10000,19491.04624449395,Global (Epsilon-Greedy)
28,50.0,6290,6902,5254.154762638196,157624.64287914586,0.629,0.6902,,,,,0.5,Medium ($d_a = 0.5$),global,10000,20198.456407855687,Global (Epsilon-Greedy)
29,55.0,7778,7663,6175.714864420166,154392.8716105041,0.7778,0.7663,,,,,0.7,High ($d_a = 0.7$),global,10000,21196.838404944552,Global (Epsilon-Greedy)
30,50.0,7517,7451,5986.967189661469,179609.0156898441,0.7517,0.7451,,,,,0.7,High ($d_a = 0.7$),global,10000,21904.248568306288,Global (Epsilon-Greedy)
31,45.0,4816,6595,4349.744238599039,152241.0483509664,0.4816,0.6595,,,,,0.5,Medium ($d_a = 0.5$),global,10000,22370.68689794089,Global (Epsilon-Greedy)
32,50.0,6598,7426,5570.680452060554,167120.4135618166,0.6598,0.7426,,,,,0.7,High ($d_a = 0.7$),global,10000,23078.097061302626,Global (Epsilon-Greedy)
33,50.0,2758,5746,2679.8855161230667,80396.56548369199,0.2758,0.5746,,,,,0.3,Low ($d_a = 0.3$),global,10000,23785.50722466436,Global (Epsilon-Greedy)
34,50.0,6033,6938,5138.226956304704,154146.80868914112,0.6033,0.6938,,,,,0.5,Medium ($d_a = 0.5$),global,10000,24492.917388026097,Global (Epsilon-Greedy)
35,55.0,5744,7729,5162.071908537818,129051.79771344544,0.5744,0.7729,,,,,0.7,High ($d_a = 0.7$),global,10000,25491.299385114962,Global (Epsilon-Greedy)
36,45.0,6319,7114,5335.743240055633,186751.01340194716,0.6319,0.7114,,,,,0.7,High ($d_a = 0.7$),global,10000,25957.737714749564,Global (Epsilon-Greedy)
37,45.0,6934,7185,5644.031863937106,197541.11523779872,0.6934,0.7185,,,,,0.7,High ($d_a = 0.7$),global,10000,26424.176044384167,Global (Epsilon-Greedy)
38,45.0,6103,7162,5238.960953791536,183363.6333827037,0.6103,0.7162,,,,,0.7,High ($d_a = 0.7$),global,10000,26890.61437401877,Global (Epsilon-Greedy)
39,45.0,3080,5708,2954.0221466445564,103390.77513255946,0.308,0.5708,,,,,0.3,Low ($d_a = 0.3$),global,10000,27357.05270365337,Global (Epsilon-Greedy)
40,45.0,4859,6650,4387.865795476454,153575.30284167588,0.4859,0.665,,,,,0.5,Medium ($d_a = 0.5$),global,10000,27823.491033287974,Global (Epsilon-Greedy)
41,45.0,3018,5434,2883.205071844409,100912.17751455429,0.3018,0.5434,,,,,0.3,Low ($d_a = 0.3$),global,10000,28289.929362922576,Global (Epsilon-Greedy)
42,45.0,6338,7103,5341.724793679678,186960.36777878873,0.6338,0.7103,,,,,0.7,High ($d_a = 0.7$),global,10000,28756.367692557178,Global (Epsilon-Greedy)
43,45.0,7497,7171,5861.4076589825745,205149.2680643901,0.7497,0.7171,,,,,0.7,High ($d_a = 0.7$),global,10000,29222.80602219178,Global (Epsilon-Greedy)
44,45.0,5686,7146,5002.259210980803,175079.07238432814,0.5686,0.7146,,,,,0.7,High ($d_a = 0.7$),global,10000,29689.244351826383,Global (Epsilon-Greedy)
45,45.0,7251,7156,5762.298885227395,201680.46098295864,0.7251,0.7156,,,,,0.7,High ($d_a = 0.7$),global,10000,30155.682681460985,Global (Epsilon-Greedy)
46,45.0,5358,6651,4693.996405128589,164289.87417950062,0.5358,0.6651,,,,,0.5,Medium ($d_a = 0.5$),global,10000,30622.121011095587,Global (Epsilon-Greedy)
47,45.0,4837,6561,4356.999150864018,152494.97028024064,0.4837,0.6561,,,,,0.5,Medium ($d_a = 0.5$),global,10000,31088.55934073019,Global (Epsilon-Greedy)
48,45.0,4772,6584,4318.969921448516,151163.94725069805,0.4772,0.6584,,,,,0.5,Medium ($d_a = 0.5$),global,10000,31554.99767036479,Global (Epsilon-Greedy)
49,45.0,5110,7199,4650.831901389391,162779.11654862866,0.511,0.7199,,,,,0.7,High ($d_a = 0.7$),global,10000,32021.435999999394,Global (Epsilon-Greedy)
50,45.0,4548,6635,4175.885700516146,146155.99951806513,0.4548,0.6635,,,,,0.5,Medium ($d_a = 0.5$),global,10000,32487.874329633996,Global (Epsilon-Greedy)
51,40.5,7708,6959,5836.31182004228,230534.31689167002,0.7708,0.6959,,,,,0.7,High ($d_a = 0.7$),global,10000,32780.18800891418,Global (Epsilon-Greedy)
52,40.5,5091,6259,4445.241369015875,175587.03407612705,0.5091,0.6259,,,,,0.5,Medium ($d_a = 0.5$),global,10000,33072.50168819436,Global (Epsilon-Greedy)
53,40.5,2828,5263,2713.8088139600463,107195.44815142182,0.2828,0.5263,,,,,0.3,Low ($d_a = 0.3$),global,10000,33364.81536747454,Global (Epsilon-Greedy)
54,40.5,4787,6315,4276.8678378179575,168936.27959380927,0.4787,0.6315,,,,,0.5,Medium ($d_a = 0.5$),global,10000,33657.12904675472,Global (Epsilon-Greedy)
55,44.55,4215,6646,3937.035364502546,139567.90367161526,0.4215,0.6646,,,,,0.5,Medium ($d_a = 0.5$),global,10000,34104.332411353884,Global (Epsilon-Greedy)
56,44.55,4770,6614,4323.014694692484,153250.87092684858,0.477,0.6614,,,,,0.5,Medium ($d_a = 0.5$),global,10000,34551.535775953045,Global (Epsilon-Greedy)
57,40.5,5706,6257,4764.957395002059,188215.8171025813,0.5706,0.6257,,,,,0.5,Medium ($d_a = 0.5$),global,10000,34843.84945523323,Global (Epsilon-Greedy)
58,36.45,4102,5069,3588.0747387636798,156260.65487315823,0.4102,0.5069,,,,,0.3,Low ($d_a = 0.3$),global,10000,35014.07844919443,Global (Epsilon-Greedy)
59,36.45,2131,5135,2093.5636288688793,91174.69603723969,0.2131,0.5135,,,,,0.3,Low ($d_a = 0.3$),global,10000,35184.30744315563,Global (Epsilon-Greedy)
60,40.5,7449,6788,5670.322500183154,223977.7387572346,0.7449,0.6788,,,,,0.7,High ($d_a = 0.7$),global,10000,35476.62112243581,Global (Epsilon-Greedy)
61,36.45,6744,6586,5330.502080053064,232143.365586311,0.6744,0.6586,,,,,0.7,High ($d_a = 0.7$),global,10000,35646.850116397014,Global (Epsilon-Greedy)
62,36.45,4811,6034,4229.584107155093,184198.38786660432,0.4811,0.6034,,,,,0.5,Medium ($d_a = 0.5$),global,10000,35817.079110358216,Global (Epsilon-Greedy)
63,36.45,5572,6032,4627.043927708638,201507.76305171114,0.5572,0.6032,,,,,0.5,Medium ($d_a = 0.5$),global,10000,35987.30810431942,Global (Epsilon-Greedy)
64,36.45,6815,6580,5354.703174794086,233197.32326228244,0.6815,0.658,,,,,0.7,High ($d_a = 0.7$),global,10000,36157.53709828062,Global (Epsilon-Greedy)
65,32.805,4969,5781,4251.3203683742895,200641.06478542456,0.4969,0.5781,,,,,0.5,Medium ($d_a = 0.5$),global,10000,36245.93815045474,Global (Epsilon-Greedy)
66,40.095000000000006,3976,5317,3566.7377309909575,142330.66915519413,0.3976,0.5317,,,,,0.3,Low ($d_a = 0.3$),global,10000,36524.567136203026,Global (Epsilon-Greedy)
67,36.45,3641,6098,3439.234790933431,149778.6751451509,0.3641,0.6098,,,,,0.5,Medium ($d_a = 0.5$),global,10000,36694.79613016423,Global (Epsilon-Greedy)
68,36.45,5000,6084,4349.904868351177,189438.35701669377,0.5,0.6084,,,,,0.5,Medium ($d_a = 0.5$),global,10000,36865.02512412543,Global (Epsilon-Greedy)
69,36.45,4710,6044,4171.989871920668,181690.158922145,0.471,0.6044,,,,,0.5,Medium ($d_a = 0.5$),global,10000,37035.25411808663,Global (Epsilon-Greedy)
70,36.45,6526,6508,5213.580113602274,227051.41394737904,0.6526,0.6508,,,,,0.7,High ($d_a = 0.7$),global,10000,37205.483112047834,Global (Epsilon-Greedy)
71,40.095000000000006,2000,5280,1974.2217109716125,78781.31737632219,0.2,0.528,,,,,0.3,Low ($d_a = 0.3$),global,10000,37484.11209779612,Global (Epsilon-Greedy)
72,32.805,1909,4796,1879.8632128480149,88720.14433036208,0.1909,0.4796,,,,,0.3,Low ($d_a = 0.3$),global,10000,37572.51314997024,Global (Epsilon-Greedy)
73,40.095000000000006,3891,5320,3512.764000433969,140176.8474373175,0.3891,0.532,,,,,0.3,Low ($d_a = 0.3$),global,10000,37851.142135718525,Global (Epsilon-Greedy)
74,36.45,7760,6536,5635.411353308232,245422.16443657348,0.776,0.6536,,,,,0.7,High ($d_a = 0.7$),global,10000,38021.37112967973,Global (Epsilon-Greedy)
75,36.45,2957,5077,2804.7050476540085,122144.90482533208,0.2957,0.5077,,,,,0.3,Low ($d_a = 0.3$),global,10000,38191.60012364093,Global (Epsilon-Greedy)
76,36.45,4846,6150,4277.062132622873,186266.0558757261,0.4846,0.615,,,,,0.5,Medium ($d_a = 0.5$),global,10000,38361.82911760213,Global (Epsilon-Greedy)
77,36.45,6850,6559,5358.551139461288,233364.90212353907,0.685,0.6559,,,,,0.7,High ($d_a = 0.7$),global,10000,38532.05811156333,Global (Epsilon-Greedy)
78,36.45,5034,6046,4358.905029249004,189830.31402379405,0.5034,0.6046,,,,,0.5,Medium ($d_a = 0.5$),global,10000,38702.287105524534,Global (Epsilon-Greedy)
79,36.45,6106,6554,5051.3394657756435,219985.83373452924,0.6106,0.6554,,,,,0.7,High ($d_a = 0.7$),global,10000,38872.516099485736,Global (Epsilon-Greedy)
80,36.45,4678,6082,4160.827587972566,181204.04145620525,0.4678,0.6082,,,,,0.5,Medium ($d_a = 0.5$),global,10000,39042.74509344694,Global (Epsilon-Greedy)
81,32.805,8013,6241,5529.076300970959,260944.75602432445,0.8013,0.6241,,,,,0.7,High ($d_a = 0.7$),global,10000,39131.14614562106,Global (Epsilon-Greedy)
82,32.805,6826,6267,5218.155548629745,246270.8511175808,0.6826,0.6267,,,,,0.7,High ($d_a = 0.7$),global,10000,39219.54719779518,Global (Epsilon-Greedy)
83,29.5245,7286,5971,5199.860730516926,262465.57030320715,0.7286,0.5971,,,,,0.7,High ($d_a = 0.7$),global,10000,39257.02220511094,Global (Epsilon-Greedy)
84,29.5245,5950,5964,4765.586839038368,240545.37849388123,0.595,0.5964,,,,,0.7,High ($d_a = 0.7$),global,10000,39294.49721242669,Global (Epsilon-Greedy)
85,32.47695,5202,5722,4349.860284871366,206718.62781095618,0.5202,0.5722,,,,,0.5,Medium ($d_a = 0.5$),global,10000,39376.83710889248,Global (Epsilon-Greedy)
86,29.5245,3078,4610,2843.618731023384,143533.07725777084,0.3078,0.461,,,,,0.3,Low ($d_a = 0.3$),global,10000,39414.31211620824,Global (Epsilon-Greedy)
87,29.5245,5225,5390,4243.948880272072,214215.44170617298,0.5225,0.539,,,,,0.5,Medium ($d_a = 0.5$),global,10000,39451.787123523995,Global (Epsilon-Greedy)
88,32.47695,5784,5770,4621.586428970261,219631.88294327518,0.5784,0.577,,,,,0.5,Medium ($d_a = 0.5$),global,10000,39534.127019989784,Global (Epsilon-Greedy)
89,32.47695,4572,5735,4019.645524243878,191025.815230918,0.4572,0.5735,,,,,0.5,Medium ($d_a = 0.5$),global,10000,39616.466916455574,Global (Epsilon-Greedy)
90,29.5245,3140,4559,2879.7323427369984,145355.92986582138,0.314,0.4559,,,,,0.3,Low ($d_a = 0.3$),global,10000,39653.94192377133,Global (Epsilon-Greedy)
91,29.5245,4322,4613,3566.429278443507,180017.3010440752,0.4322,0.4613,,,,,0.3,Low ($d_a = 0.3$),global,10000,39691.416931087086,Global (Epsilon-Greedy)
92,29.5245,6164,5473,4622.1359567304935,233304.62348395007,0.6164,0.5473,,,,,0.5,Medium ($d_a = 0.5$),global,10000,39728.89193840284,Global (Epsilon-Greedy)
93,29.5245,2317,4548,2237.7145431224194,112949.76042137569,0.2317,0.4548,,,,,0.3,Low ($d_a = 0.3$),global,10000,39766.3669457186,Global (Epsilon-Greedy)
94,29.5245,6549,5959,4981.004916237389,251418.71364954027,0.6549,0.5959,,,,,0.7,High ($d_a = 0.7$),global,10000,39803.84195303435,Global (Epsilon-Greedy)
95,29.5245,2429,4603,2336.245010651975,117923.1350351638,0.2429,0.4603,,,,,0.3,Low ($d_a = 0.3$),global,10000,39841.31696035011,Global (Epsilon-Greedy)
96,26.57205,2262,4300,2176.457552571721,116283.66529592426,0.2262,0.43,,,,,0.3,Low ($d_a = 0.3$),global,10000,39851.361000520825,Global (Epsilon-Greedy)
97,29.5245,3534,4513,3125.4373531826654,157758.01312057162,0.3534,0.4513,,,,,0.3,Low ($d_a = 0.3$),global,10000,39888.83600783658,Global (Epsilon-Greedy)
98,29.5245,5513,5422,4373.394224255087,220749.26016638763,0.5513,0.5422,,,,,0.5,Medium ($d_a = 0.5$),global,10000,39926.311015152336,Global (Epsilon-Greedy)
99,29.5245,2838,4539,2658.285135867131,134178.27137546137,0.2838,0.4539,,,,,0.3,Low ($d_a = 0.3$),global,10000,39963.78602246809,Global (Epsilon-Greedy)
100,29.5245,5532,5463,4397.6536070929415,221973.76464481978,0.5532,0.5463,,,,,0.5,Medium ($d_a = 0.5$),global,10000,40001.26102978385,Global (Epsilon-Greedy)
101,32.47695,5813,5789,4640.760282947819,220543.08296454337,0.5813,0.5789,,,,,0.5,Medium ($d_a = 0.5$),global,10000,40083.60092624964,Global (Epsilon-Greedy)
102,29.5245,3825,5445,3490.6789827783346,176193.7669952278,0.3825,0.5445,,,,,0.5,Medium ($d_a = 0.5$),global,10000,40121.07593356539,Global (Epsilon-Greedy)
103,29.5245,5022,5464,4179.532203577375,210963.9777416698,0.5022,0.5464,,,,,0.5,Medium ($d_a = 0.5$),global,10000,40158.55094088115,Global (Epsilon-Greedy)
104,29.5245,6855,5933,5062.403214166207,255527.3334366464,0.6855,0.5933,,,,,0.7,High ($d_a = 0.7$),global,10000,40196.025948196904,Global (Epsilon-Greedy)
105,29.5245,5679,5476,4459.0459951160965,225072.57612648248,0.5679,0.5476,,,,,0.5,Medium ($d_a = 0.5$),global,10000,40233.50095551266,Global (Epsilon-Greedy)
106,29.5245,2460,4645,2365.0095439037273,119375.03923331256,0.246,0.4645,,,,,0.3,Low ($d_a = 0.3$),global,10000,40270.975962828416,Global (Epsilon-Greedy)
107,29.5245,2945,4564,2741.076772773731,138357.22064414047,0.2945,0.4564,,,,,0.3,Low ($d_a = 0.3$),global,10000,40308.45097014417,Global (Epsilon-Greedy)
108,29.5245,7140,5905,5125.618259170844,258718.14444077804,0.714,0.5905,,,,,0.7,High ($d_a = 0.7$),global,10000,40345.92597745993,Global (Epsilon-Greedy)
109,29.5245,7215,5964,5177.778995883447,261350.98370671493,0.7215,0.5964,,,,,0.7,High ($d_a = 0.7$),global,10000,40383.40098477568,Global (Epsilon-Greedy)
110,29.5245,4965,5427,4140.413891144586,208989.46136246857,0.4965,0.5427,,,,,0.5,Medium ($d_a = 0.5$),global,10000,40420.87599209144,Global (Epsilon-Greedy)
111,29.5245,2034,4588,1989.499957573691,100421.00510851084,0.2034,0.4588,,,,,0.3,Low ($d_a = 0.3$),global,10000,40458.350999407194,Global (Epsilon-Greedy)
112,29.5245,3959,5452,3581.29407811718,180767.60924000372,0.3959,0.5452,,,,,0.5,Medium ($d_a = 0.5$),global,10000,40495.82600672295,Global (Epsilon-Greedy)
113,29.5245,1985,4530,1943.2099659958224,98084.49463862214,0.1985,0.453,,,,,0.3,Low ($d_a = 0.3$),global,10000,40533.301014038705,Global (Epsilon-Greedy)
114,29.5245,7082,5969,5145.228811955623,259707.99689786602,0.7082,0.5969,,,,,0.7,High ($d_a = 0.7$),global,10000,40570.77602135446,Global (Epsilon-Greedy)
115,29.5245,5343,5438,4311.730376101543,217636.7465989134,0.5343,0.5438,,,,,0.5,Medium ($d_a = 0.5$),global,10000,40608.251028670216,Global (Epsilon-Greedy)
116,29.5245,3960,5506,3591.591640287865,181287.3838393502,0.396,0.5506,,,,,0.5,Medium ($d_a = 0.5$),global,10000,40645.72603598597,Global (Epsilon-Greedy)
117,29.5245,6224,5932,4856.793208547557,245149.06559804222,0.6224,0.5932,,,,,0.7,High ($d_a = 0.7$),global,10000,40683.20104330173,Global (Epsilon-Greedy)
118,29.5245,3437,4619,3087.679632486388,155852.17328956668,0.3437,0.4619,,,,,0.3,Low ($d_a = 0.3$),global,10000,40720.67605061748,Global (Epsilon-Greedy)
119,29.5245,3658,5364,3362.840819875777,169741.0718036398,0.3658,0.5364,,,,,0.5,Medium ($d_a = 0.5$),global,10000,40758.15105793324,Global (Epsilon-Greedy)
120,26.57205,5597,5199,4306.684300497845,230097.31347278378,0.5597,0.5199,,,,,0.5,Medium ($d_a = 0.5$),global,10000,40768.195098103955,Global (Epsilon-Greedy)
121,29.5245,5454,5491,4377.899937644773,220976.6883025886,0.5454,0.5491,,,,,0.5,Medium ($d_a = 0.5$),global,10000,40805.67010541971,Global (Epsilon-Greedy)
122,29.5245,2702,4551,2554.7309008831216,128951.31958752601,0.2702,0.4551,,,,,0.3,Low ($d_a = 0.3$),global,10000,40843.14511273547,Global (Epsilon-Greedy)
123,32.47695,4561,5723,4010.397450763587,190586.3185725105,0.4561,0.5723,,,,,0.5,Medium ($d_a = 0.5$),global,10000,40925.48500920126,Global (Epsilon-Greedy)
124,29.5245,5016,5549,4204.564582049714,212227.4995612503,0.5016,0.5549,,,,,0.5,Medium ($d_a = 0.5$),global,10000,40962.96001651701,Global (Epsilon-Greedy)
125,29.5245,5253,5489,4292.654894991063,216673.90215212147,0.5253,0.5489,,,,,0.5,Medium ($d_a = 0.5$),global,10000,41000.43502383277,Global (Epsilon-Greedy)
126,29.5245,5040,5402,4166.777092667537,210320.15714094022,0.504,0.5402,,,,,0.5,Medium ($d_a = 0.5$),global,10000,41037.91003114852,Global (Epsilon-Greedy)
127,29.5245,7783,6007,5337.138816938156,269394.75035436195,0.7783,0.6007,,,,,0.7,High ($d_a = 0.7$),global,10000,41075.38503846428,Global (Epsilon-Greedy)
128,29.5245,5924,5467,4541.765303565972,229247.87458014418,0.5924,0.5467,,,,,0.5,Medium ($d_a = 0.5$),global,10000,41112.860045780035,Global (Epsilon-Greedy)
129,32.47695,4674,5784,4090.404755376227,194388.50970998217,0.4674,0.5784,,,,,0.5,Medium ($d_a = 0.5$),global,10000,41195.199942245825,Global (Epsilon-Greedy)
130,29.5245,6374,5979,4931.110008535868,248900.2432358522,0.6374,0.5979,,,,,0.7,High ($d_a = 0.7$),global,10000,41232.67494956158,Global (Epsilon-Greedy)
131,29.5245,6409,5457,4685.841539343927,236520.1946191544,0.6409,0.5457,,,,,0.5,Medium ($d_a = 0.5$),global,10000,41270.149956877336,Global (Epsilon-Greedy)
132,29.5245,6700,5956,5027.578572947244,253769.54225879864,0.67,0.5956,,,,,0.7,High ($d_a = 0.7$),global,10000,41307.62496419309,Global (Epsilon-Greedy)
133,29.5245,6897,6007,5112.816926080714,258071.9907523871,0.6897,0.6007,,,,,0.7,High ($d_a = 0.7$),global,10000,41345.09997150885,Global (Epsilon-Greedy)
134,29.5245,2042,4642,1998.4548551465089,100873.0080409476,0.2042,0.4642,,,,,0.3,Low ($d_a = 0.3$),global,10000,41382.5749788246,Global (Epsilon-Greedy)
135,29.5245,2714,4528,2561.902461665116,129313.30770377754,0.2714,0.4528,,,,,0.3,Low ($d_a = 0.3$),global,10000,41420.04998614036,Global (Epsilon-Greedy)
136,29.5245,3379,4535,3034.3957039357824,153162.6403540106,0.3379,0.4535,,,,,0.3,Low ($d_a = 0.3$),global,10000,41457.524993456114,Global (Epsilon-Greedy)
137,29.5245,6996,6007,5141.504031532385,259519.98674361288,0.6996,0.6007,,,,,0.7,High ($d_a = 0.7$),global,10000,41495.00000077187,Global (Epsilon-Greedy)
138,29.5245,3498,5481,3263.1853050208824,164710.90986358156,0.3498,0.5481,,,,,0.5,Medium ($d_a = 0.5$),global,10000,41532.475008087626,Global (Epsilon-Greedy)
139,29.5245,7640,6032,5320.35974101757,268547.81810773234,0.764,0.6032,,,,,0.7,High ($d_a = 0.7$),global,10000,41569.95001540338,Global (Epsilon-Greedy)
140,29.5245,5870,5404,4494.227409871731,226848.37562698056,0.587,0.5404,,,,,0.5,Medium ($d_a = 0.5$),global,10000,41607.42502271914,Global (Epsilon-Greedy)
141,32.47695,6300,5774,4811.316518524736,228648.43547567696,0.63,0.5774,,,,,0.5,Medium ($d_a = 0.5$),global,10000,41689.76491918493,Global (Epsilon-Greedy)
142,29.5245,5524,5428,4380.126880292658,221089.09434621205,0.5524,0.5428,,,,,0.5,Medium ($d_a = 0.5$),global,10000,41727.23992650068,Global (Epsilon-Greedy)
143,29.5245,5307,5418,4289.081088843377,216493.51249991386,0.5307,0.5418,,,,,0.5,Medium ($d_a = 0.5$),global,10000,41764.71493381644,Global (Epsilon-Greedy)
144,26.57205,6488,5539,4751.410921608425,253858.14514914883,0.6488,0.5539,,,,,0.7,High ($d_a = 0.7$),global,10000,41774.758973987155,Global (Epsilon-Greedy)
145,29.5245,6987,5914,5089.687946204698,256904.5439286553,0.6987,0.5914,,,,,0.7,High ($d_a = 0.7$),global,10000,41812.23398130291,Global (Epsilon-Greedy)
146,29.5245,5258,5425,4271.112237159597,215586.52572674927,0.5258,0.5425,,,,,0.5,Medium ($d_a = 0.5$),global,10000,41849.708988618666,Global (Epsilon-Greedy)
147,29.5245,2415,4577,2322.8126963485456,117245.13225454102,0.2415,0.4577,,,,,0.3,Low ($d_a = 0.3$),global,10000,41887.18399593442,Global (Epsilon-Greedy)
148,29.5245,5040,5394,4164.007170187225,210180.34391878522,0.504,0.5394,,,,,0.5,Medium ($d_a = 0.5$),global,10000,41924.65900325018,Global (Epsilon-Greedy)
149,29.5245,6257,5439,4632.942878146896,233850.1082459037,0.6257,0.5439,,,,,0.5,Medium ($d_a = 0.5$),global,10000,41962.13401056593,Global (Epsilon-Greedy)
150,29.5245,8229,5910,5362.235144621536,270661.5000423444,0.8229,0.591,,,,,0.7,High ($d_a = 0.7$),global,10000,41999.60901788169,Global (Epsilon-Greedy)
151,29.5245,7374,5960,5215.492193139077,263254.5761947915,0.7374,0.596,,,,,0.7,High ($d_a = 0.7$),global,10000,42037.084025197444,Global (Epsilon-Greedy)
152,29.5245,8391,5838,5340.732911303508,269576.1640645002,0.8391,0.5838,,,,,0.7,High ($d_a = 0.7$),global,10000,42074.5590325132,Global (Epsilon-Greedy)
153,29.5245,7367,5877,5165.817272016406,260747.2097136641,0.7367,0.5877,,,,,0.7,High ($d_a = 0.7$),global,10000,42112.034039828955,Global (Epsilon-Greedy)
154,32.47695,5242,5723,4369.1653495252785,207636.06336375728,0.5242,0.5723,,,,,0.5,Medium ($d_a = 0.5$),global,10000,42194.373936294745,Global (Epsilon-Greedy)
155,29.5245,5488,5996,4575.671780083152,230959.32093558714,0.5488,0.5996,,,,,0.7,High ($d_a = 0.7$),global,10000,42231.8489436105,Global (Epsilon-Greedy)
156,26.57205,3701,4288,3161.3538595607292,168904.65594091764,0.3701,0.4288,,,,,0.3,Low ($d_a = 0.3$),global,10000,42241.89298378122,Global (Epsilon-Greedy)
157,32.47695,2845,4839,2694.342338739881,128043.36568105231,0.2845,0.4839,,,,,0.3,Low ($d_a = 0.3$),global,10000,42324.23288024701,Global (Epsilon-Greedy)
158,26.57205,5322,5223,4217.256535549957,225319.37131853634,0.5322,0.5223,,,,,0.5,Medium ($d_a = 0.5$),global,10000,42334.276920417724,Global (Epsilon-Greedy)
159,29.5245,4070,5484,3659.1149633500895,184695.65733257742,0.407,0.5484,,,,,0.5,Medium ($d_a = 0.5$),global,10000,42371.75192773348,Global (Epsilon-Greedy)
160,29.5245,3257,4555,2958.6086306761094,149337.24993769196,0.3257,0.4555,,,,,0.3,Low ($d_a = 0.3$),global,10000,42409.226935049235,Global (Epsilon-Greedy)
161,29.5245,5505,5546,4420.278312000207,223115.75793736643,0.5505,0.5546,,,,,0.5,Medium ($d_a = 0.5$),global,10000,42446.70194236499,Global (Epsilon-Greedy)
162,26.57205,5358,5144,4197.313471825587,224253.85430702384,0.5358,0.5144,,,,,0.5,Medium ($d_a = 0.5$),global,10000,42456.74598253571,Global (Epsilon-Greedy)
163,29.5245,3835,4500,3291.9287283323097,166161.74852693753,0.3835,0.45,,,,,0.3,Low ($d_a = 0.3$),global,10000,42494.22098985146,Global (Epsilon-Greedy)
164,29.5245,4727,5419,4020.885938478807,202956.22818768703,0.4727,0.5419,,,,,0.5,Medium ($d_a = 0.5$),global,10000,42531.69599716722,Global (Epsilon-Greedy)
165,29.5245,8303,6021,5448.627771410521,275022.2110758317,0.8303,0.6021,,,,,0.7,High ($d_a = 0.7$),global,10000,42569.171004482974,Global (Epsilon-Greedy)
166,29.5245,5221,5373,4235.855816956621,213806.94028879394,0.5221,0.5373,,,,,0.5,Medium ($d_a = 0.5$),global,10000,42606.64601179873,Global (Epsilon-Greedy)
167,29.5245,5879,5826,4681.808019179869,236316.60067211353,0.5879,0.5826,,,,,0.7,High ($d_a = 0.7$),global,10000,42644.121019114486,Global (Epsilon-Greedy)
168,29.5245,4479,5454,3897.651629470337,196735.91482333,0.4479,0.5454,,,,,0.5,Medium ($d_a = 0.5$),global,10000,42681.59602643024,Global (Epsilon-Greedy)
169,29.5245,4404,5447,3853.4139677239523,194502.99672785032,0.4404,0.5447,,,,,0.5,Medium ($d_a = 0.5$),global,10000,42719.071033746,Global (Epsilon-Greedy)
170,29.5245,2864,4496,2672.760658912767,134908.93063895137,0.2864,0.4496,,,,,0.3,Low ($d_a = 0.3$),global,10000,42756.54604106175,Global (Epsilon-Greedy)
171,29.5245,2439,4596,2344.2272550042735,118326.04280996822,0.2439,0.4596,,,,,0.3,Low ($d_a = 0.3$),global,10000,42794.02104837751,Global (Epsilon-Greedy)
172,29.5245,3535,4525,3128.718355347099,157923.6233453225,0.3535,0.4525,,,,,0.3,Low ($d_a = 0.3$),global,10000,42831.496055693264,Global (Epsilon-Greedy)
173,29.5245,5023,5542,4205.672123110007,212283.40325003918,0.5023,0.5542,,,,,0.5,Medium ($d_a = 0.5$),global,10000,42868.97106300902,Global (Epsilon-Greedy)
174,29.5245,3599,5420,3329.0691866594734,168036.43173123026,0.3599,0.542,,,,,0.5,Medium ($d_a = 0.5$),global,10000,42906.446070324775,Global (Epsilon-Greedy)
175,29.5245,2232,4606,2166.82296410937,109371.4725249025,0.2232,0.4606,,,,,0.3,Low ($d_a = 0.3$),global,10000,42943.92107764053,Global (Epsilon-Greedy)
176,29.5245,2568,4502,2443.7045114184457,123347.20706610174,0.2568,0.4502,,,,,0.3,Low ($d_a = 0.3$),global,10000,42981.396084956286,Global (Epsilon-Greedy)
177,29.5245,3194,4553,2915.853305576433,147179.15352562323,0.3194,0.4553,,,,,0.3,Low ($d_a = 0.3$),global,10000,43018.87109227204,Global (Epsilon-Greedy)
178,29.5245,3509,4562,3121.033385329291,157535.72064118859,0.3509,0.4562,,,,,0.3,Low ($d_a = 0.3$),global,10000,43056.3460995878,Global (Epsilon-Greedy)
179,32.47695,7145,6235,5302.805202136147,252005.4767613762,0.7145,0.6235,,,,,0.7,High ($d_a = 0.7$),global,10000,43138.68599605359,Global (Epsilon-Greedy)
180,29.5245,5532,5483,4405.8256244405775,222386.25130645037,0.5532,0.5483,,,,,0.5,Medium ($d_a = 0.5$),global,10000,43176.16100336934,Global (Epsilon-Greedy)
181,29.5245,4888,5516,4131.428081007513,208535.89810289475,0.4888,0.5516,,,,,0.5,Medium ($d_a = 0.5$),global,10000,43213.6360106851,Global (Epsilon-Greedy)
182,29.5245,7137,6048,5202.722846285136,262610.0370276654,0.7137,0.6048,,,,,0.7,High ($d_a = 0.7$),global,10000,43251.111018000855,Global (Epsilon-Greedy)
183,29.5245,5250,5452,4277.751324117422,215921.63696048892,0.525,0.5452,,,,,0.5,Medium ($d_a = 0.5$),global,10000,43288.58602531661,Global (Epsilon-Greedy)
184,29.5245,7087,6060,5195.161494379458,262228.3740095504,0.7087,0.606,,,,,0.7,High ($d_a = 0.7$),global,10000,43326.061032632366,Global (Epsilon-Greedy)
185,29.5245,7036,5965,5130.480519221564,258963.569447968,0.7036,0.5965,,,,,0.7,High ($d_a = 0.7$),global,10000,43363.53603994812,Global (Epsilon-Greedy)
186,26.57205,2726,4323,2549.1432568807636,136195.49847146258,0.2726,0.4323,,,,,0.3,Low ($d_a = 0.3$),global,10000,43373.58008011884,Global (Epsilon-Greedy)
187,29.5245,3008,4527,2781.985843840424,140422.12646076732,0.3008,0.4527,,,,,0.3,Low ($d_a = 0.3$),global,10000,43411.05508743459,Global (Epsilon-Greedy)
188,29.5245,5861,5435,4505.573115368989,227421.05578480745,0.5861,0.5435,,,,,0.5,Medium ($d_a = 0.5$),global,10000,43448.53009475035,Global (Epsilon-Greedy)
189,29.5245,3962,4527,3365.701410413728,169885.4615413381,0.3962,0.4527,,,,,0.3,Low ($d_a = 0.3$),global,10000,43486.005102066105,Global (Epsilon-Greedy)
190,29.5245,7002,6070,5176.015415755286,261261.966117956,0.7002,0.607,,,,,0.7,High ($d_a = 0.7$),global,10000,43523.48010938186,Global (Epsilon-Greedy)
191,29.5245,1831,4495,1800.7847964913117,90895.51299529722,0.1831,0.4495,,,,,0.3,Low ($d_a = 0.3$),global,10000,43560.955116697616,Global (Epsilon-Greedy)
192,29.5245,3246,4598,2958.5230264106053,149332.9290195885,0.3246,0.4598,,,,,0.3,Low ($d_a = 0.3$),global,10000,43598.43012401337,Global (Epsilon-Greedy)
193,29.5245,4756,5505,4060.984567985382,204980.22656134618,0.4756,0.5505,,,,,0.5,Medium ($d_a = 0.5$),global,10000,43635.90513132913,Global (Epsilon-Greedy)
194,29.5245,7532,5845,5184.280280855207,261679.13931630697,0.7532,0.5845,,,,,0.7,High ($d_a = 0.7$),global,10000,43673.38013864488,Global (Epsilon-Greedy)
195,32.47695,3442,4756,3116.4948301197282,148105.33963652136,0.3442,0.4756,,,,,0.3,Low ($d_a = 0.3$),global,10000,43755.72003511067,Global (Epsilon-Greedy)
196,29.5245,2591,4543,2465.6473224594956,124454.78142480427,0.2591,0.4543,,,,,0.3,Low ($d_a = 0.3$),global,10000,43793.19504242643,Global (Epsilon-Greedy)
197,29.5245,4780,5445,4055.6037794485424,204708.6285695549,0.478,0.5445,,,,,0.5,Medium ($d_a = 0.5$),global,10000,43830.670049742184,Global (Epsilon-Greedy)
198,29.5245,4561,5441,3939.522133251606,198849.34943694147,0.4561,0.5441,,,,,0.5,Medium ($d_a = 0.5$),global,10000,43868.14505705794,Global (Epsilon-Greedy)
199,29.5245,7284,5890,5153.407785973347,260120.83470089766,0.7284,0.589,,,,,0.7,High ($d_a = 0.7$),global,10000,43905.620064373696,Global (Epsilon-Greedy)
200,32.47695,6296,6191,4994.093735322762,237334.5662884304,0.6296,0.6191,,,,,0.7,High ($d_a = 0.7$),global,10000,43987.959960839486,Global (Epsilon-Greedy)
